<?xml version="1.0" encoding="UTF-8"?>
<!DOCTYPE mapper PUBLIC "-//mybatis.org//DTD Mapper 3.0//EN"
    "http://mybatis.org/dtd/mybatis-3-mapper.dtd">
<mapper namespace="cn.edu.fudan.se.apiChangeExtractor.mybatis.mapper.RepositoryMapper">
	<resultMap id="repository" type="Repository">
		<id property="repositoryId" column="id" />
		<result property="githubId" column="github_id" />
		<result property="repositoryName" column="name" />
		<result property="userId" column="user_id" />
		<result property="userName" column="user_name" />
		<result property="website" column="website"/>
		<result property="stars" column="stars" />
	</resultMap>
	
    <select id="selectAllRepository" resultMap="repository">
    	select * from java_github_repository_1
    </select>
    <select id="selectInScope" resultMap="repository">
    	select * from java_github_repository_1 where id >= #{start} and id &lt; #{end}
    </select>
    <select id="selectByStar" resultMap="repository">
    	select * from java_github_repository_1 where stars >= #{stars}
    </select>
</mapper>
    