<?xml version="1.0" encoding="UTF-8" ?>
<!DOCTYPE configuration
  PUBLIC "-//mybatis.org//DTD Config 3.0//EN"
  "http://mybatis.org/dtd/mybatis-3-config.dtd">
<configuration>
  <typeAliases>
  	<package name="cn.edu.fudan.se.apiChangeExtractor.mybatis.bean" />
  </typeAliases>
  <environments default="development">
    <environment id="development">
      <transactionManager type="JDBC"/>
      <dataSource type="POOLED">
        <property name="driver" value="com.mysql.cj.jdbc.Driver"/>
        <property name="url" value="jdbc:mysql://localhost:3306/apichangeast?serverTimezone=UTC"/>
        <property name="username" value="root"/>
        <property name="password" value="123456"/>
        <property name="poolMaximumActiveConnections" value="30"/>
        <property name="poolMaximumIdleConnections" value="10"/>
        <property name="poolPingEnabled" value="true"/>
        <property name="poolPingQuery" value="select 1"/>
        <property name="poolMaximumCheckoutTime" value="60000" />  
      </dataSource>
    </environment>
    <environment id="github">
      <transactionManager type="JDBC"/>
      <dataSource type="POOLED">
        <property name="driver" value="com.mysql.cj.jdbc.Driver"/>
        <property name="url" value="jdbc:mysql://10.141.221.73:3306/github?serverTimezone=UTC"/>
        <property name="username" value="root"/>
        <property name="password" value="root"/>
        <property name="poolMaximumActiveConnections" value="30"/>
        <property name="poolMaximumIdleConnections" value="10"/>
        <property name="poolPingEnabled" value="true"/>
        <property name="poolPingQuery" value="select 1"/>
        <property name="poolMaximumCheckoutTime" value="60000" />  
      </dataSource>
    </environment>
    <environment id="temp">
      <transactionManager type="JDBC"/>
      <dataSource type="POOLED">
        <property name="driver" value="com.mysql.cj.jdbc.Driver"/>
        <property name="url" value="jdbc:mysql://10.141.221.73:3306/temp?serverTimezone=UTC"/>
        <property name="username" value="root"/>
        <property name="password" value="root"/>
        <property name="poolMaximumActiveConnections" value="30"/>
        <property name="poolMaximumIdleConnections" value="10"/>
        <property name="poolPingEnabled" value="true"/>
        <property name="poolPingQuery" value="select 1"/>
        <property name="poolMaximumCheckoutTime" value="60000" />  
      </dataSource>
    </environment>
  </environments>
  
  <mappers>
    <mapper resource="resources/mappers/repository.xml"/>
    <mapper resource="resources/mappers/apichange.xml"/>
    <mapper resource="resources/mappers/apichangenotbug.xml"/>
    <mapper resource="resources/mappers/existrepository.xml"/>
    <mapper resource="resources/mappers/projectinfo.xml"/>
    <mapper resource="resources/mappers/counter.xml"/>
  </mappers>
</configuration>